{
  "n_cliff_pairs": 63,
  "cliff_analysis": {
    "cliff_molecules_in_test": 75,
    "cliff_molecules_in_train": 0,
    "mean_sali_score": 18.095558166503906,
    "max_sali_score": 116.52259063720703,
    "cliff_coverage": 1.0,
    "mean_cliff_similarity": 0.8069523562642208,
    "mean_cliff_activity_diff": 2.281048059463501
  }
}