{
  "difficulty_scores": "[0.20953421 0.17941855 0.18698293 ... 0.28146271 0.06914802 0.55944338]",
  "challenge_analysis": {
    "difficulty_stats": {
      "train_mean": 0.2028914075389117,
      "train_std": 0.15661594043817867,
      "test_mean": 0.26629256001061,
      "test_std": 0.16553366695890903,
      "ks_statistic": 0.23980974503622587
    },
    "measurement_uncertainty": {
      "train_mean": 0.09695922573696149,
      "test_mean": 0.12574185243902444,
      "train_high_risk": 1,
      "test_high_risk": 0
    },
    "polymorphism_risk": {
      "train_mean": 0.4699623680288677,
      "test_mean": 0.5506093426608137,
      "train_high_risk": 239,
      "test_high_risk": 91
    },
    "aggregation_tendency": {
      "train_mean": 0.24159884977324278,
      "test_mean": 0.2547255223577238,
      "train_high_risk": 53,
      "test_high_risk": 23
    },
    "ph_sensitivity": {
      "train_mean": 0.07747543461829177,
      "test_mean": 0.13414634146341461,
      "train_high_risk": 12,
      "test_high_risk": 7
    },
    "temperature_sensitivity": {
      "train_mean": 0.11212118427604816,
      "test_mean": 0.11111165691253953,
      "train_high_risk": 0,
      "test_high_risk": 0
    }
  }
}