{
  "n_cliff_pairs": 56,
  "cliff_analysis": {
    "cliff_molecules_in_test": 74,
    "cliff_molecules_in_train": 0,
    "mean_sali_score": 19.466495513916016,
    "max_sali_score": 101.39785766601562,
    "cliff_coverage": 1.0,
    "mean_cliff_similarity": 0.8190018249539112,
    "mean_cliff_activity_diff": 1.9889286756515503
  }
}