{
  "coverage_metrics": {
    "fingerprint_coverage": 0.37,
    "property_coverage": 0.9508928571428572,
    "overall_coverage": 0.6604464285714287
  }
}