{
  "best_value": 0.9665812849998474,
  "best_params": {
    "n_layers": 3,
    "hidden_dim_0": 256,
    "hidden_dim_1": 64,
    "hidden_dim_2": 64,
    "dropout_rate": 0.4464704583099741,
    "learning_rate": 0.0015930522616241021,
    "batch_size": 64
  },
  "n_trials": 1,
  "optimization_history": [
    0.9665812849998474
  ],
  "trial_details": [
    {
      "trial_number": 0,
      "value": 0.9665812849998474,
      "params": {
        "n_layers": 3,
        "hidden_dim_0": 256,
        "hidden_dim_1": 64,
        "hidden_dim_2": 64,
        "dropout_rate": 0.4464704583099741,
        "learning_rate": 0.0015930522616241021,
        "batch_size": 64
      },
      "cv_r2_mean": 0.9665812849998474,
      "cv_r2_std": 0.0179776828582634,
      "cv_rmse_mean": 0.3724371259772041,
      "cv_rmse_std": 0.10255470377992207,
      "cv_mse_mean": 0.14922688007354737,
      "cv_mse_std": 0.08011736543186936,
      "cv_mae_mean": 0.279090815782547,
      "cv_mae_std": 0.07913432530466863,
      "best_r2": 0.9841861128807068,
      "best_rmse": 0.2602395488507561,
      "best_mse": 0.06772462278604507,
      "best_mae": 0.1887677013874054,
      "n_features": 3609,
      "selected_descriptors": [
        "MolLogP",
        "MolMR",
        "TPSA",
        "NumHDonors",
        "NumHeteroatoms",
        "NumValenceElectrons",
        "NOCount",
        "RingCount",
        "BalabanJ",
        "kappa_Series[1-3]_ind",
        "FractionCSP3",
        "NumSpiroAtoms",
        "PEOE_VSA_Series[1-14]_ind",
        "SlogP_VSA_Series[1-12]_ind",
        "MQNs",
        "AUTOCORR2D",
        "BCUT2D",
        "RadiusOfGyration",
        "NPR_series[1-2]_ind",
        "RDF",
        "WHIM",
        "GETAWAY"
      ],
      "execution_time": 224.19453382492065,
      "memory_used_mb": 65.46484375,
      "n_layers": 3,
      "hidden_dims": [
        256,
        64,
        64
      ],
      "dropout_rate": 0.4464704583099741,
      "learning_rate": 0.0015930522616241021,
      "batch_size": 64
    }
  ]
}