{
  "best_value": 0.96622554063797,
  "best_params": {
    "n_layers": 3,
    "hidden_dim_0": 256,
    "hidden_dim_1": 64,
    "hidden_dim_2": 64,
    "dropout_rate": 0.4464704583099741,
    "learning_rate": 0.0015930522616241021,
    "batch_size": 64
  },
  "n_trials": 1,
  "optimization_history": [
    0.96622554063797
  ],
  "trial_details": [
    {
      "trial_number": 0,
      "value": 0.96622554063797,
      "params": {
        "n_layers": 3,
        "hidden_dim_0": 256,
        "hidden_dim_1": 64,
        "hidden_dim_2": 64,
        "dropout_rate": 0.4464704583099741,
        "learning_rate": 0.0015930522616241021,
        "batch_size": 64
      },
      "cv_r2_mean": 0.96622554063797,
      "cv_r2_std": 0.010831570212633507,
      "cv_rmse_mean": 0.3685802893721553,
      "cv_rmse_std": 0.07263477778684707,
      "cv_mse_mean": 0.1411272406578064,
      "cv_mse_std": 0.046039340199488354,
      "cv_mae_mean": 0.22346106469631194,
      "cv_mae_std": 0.06006977819972607,
      "best_r2": 0.9875501394271851,
      "best_rmse": 0.22476307129958895,
      "best_mse": 0.05051843822002411,
      "best_mae": 0.15400131046772003,
      "n_features": 3609,
      "selected_descriptors": [
        "MolLogP",
        "MolMR",
        "TPSA",
        "NumHDonors",
        "NumHeteroatoms",
        "NumValenceElectrons",
        "NOCount",
        "RingCount",
        "BalabanJ",
        "kappa_Series[1-3]_ind",
        "FractionCSP3",
        "NumSpiroAtoms",
        "PEOE_VSA_Series[1-14]_ind",
        "SlogP_VSA_Series[1-12]_ind",
        "MQNs",
        "AUTOCORR2D",
        "BCUT2D",
        "RadiusOfGyration",
        "NPR_series[1-2]_ind",
        "RDF",
        "WHIM",
        "GETAWAY"
      ],
      "execution_time": 218.3859372138977,
      "memory_used_mb": 71.23046875,
      "n_layers": 3,
      "hidden_dims": [
        256,
        64,
        64
      ],
      "dropout_rate": 0.4464704583099741,
      "learning_rate": 0.0015930522616241021,
      "batch_size": 64
    }
  ]
}