{
  "best_value": 0.9387171387672424,
  "best_params": {
    "n_layers": 3,
    "hidden_dim_0": 256,
    "hidden_dim_1": 64,
    "hidden_dim_2": 64,
    "dropout_rate": 0.4464704583099741,
    "learning_rate": 0.0015930522616241021,
    "batch_size": 64
  },
  "n_trials": 1,
  "optimization_history": [
    0.9387171387672424
  ],
  "trial_details": [
    {
      "trial_number": 0,
      "value": 0.9387171387672424,
      "params": {
        "n_layers": 3,
        "hidden_dim_0": 256,
        "hidden_dim_1": 64,
        "hidden_dim_2": 64,
        "dropout_rate": 0.4464704583099741,
        "learning_rate": 0.0015930522616241021,
        "batch_size": 64
      },
      "cv_r2_mean": 0.9387171387672424,
      "cv_r2_std": 0.03908673580558572,
      "cv_rmse_mean": 0.3868773319990968,
      "cv_rmse_std": 0.1186791215392041,
      "cv_mse_mean": 0.16375880390405656,
      "cv_mse_std": 0.10873346930804095,
      "cv_mae_mean": 0.30277444124221803,
      "cv_mae_std": 0.09466202764315941,
      "best_r2": 0.9735732078552246,
      "best_rmse": 0.2664371304779032,
      "best_mse": 0.0709887444972992,
      "best_mae": 0.20919382572174072,
      "n_features": 3609,
      "selected_descriptors": [
        "MolLogP",
        "MolMR",
        "TPSA",
        "NumHDonors",
        "NumHeteroatoms",
        "NumValenceElectrons",
        "NOCount",
        "RingCount",
        "BalabanJ",
        "kappa_Series[1-3]_ind",
        "FractionCSP3",
        "NumSpiroAtoms",
        "PEOE_VSA_Series[1-14]_ind",
        "SlogP_VSA_Series[1-12]_ind",
        "MQNs",
        "AUTOCORR2D",
        "BCUT2D",
        "RadiusOfGyration",
        "NPR_series[1-2]_ind",
        "RDF",
        "WHIM",
        "GETAWAY"
      ],
      "execution_time": 2060.169971227646,
      "memory_used_mb": 49.15234375,
      "n_layers": 3,
      "hidden_dims": [
        256,
        64,
        64
      ],
      "dropout_rate": 0.4464704583099741,
      "learning_rate": 0.0015930522616241021,
      "batch_size": 64
    }
  ]
}