{
  "best_value": 0.11720792055130005,
  "best_params": {},
  "n_trials": 3,
  "optimization_history": [
    0.0,
    0.0,
    0.11720792055130005
  ]
}