{
  "best_value": 0.9787318706512451,
  "best_params": {
    "n_layers": 3,
    "hidden_dim_0": 256,
    "hidden_dim_1": 64,
    "hidden_dim_2": 64,
    "dropout_rate": 0.4464704583099741,
    "learning_rate": 0.0015930522616241021,
    "batch_size": 64
  },
  "n_trials": 1,
  "optimization_history": [
    0.9787318706512451
  ],
  "trial_details": [
    {
      "trial_number": 0,
      "value": 0.9787318706512451,
      "params": {
        "n_layers": 3,
        "hidden_dim_0": 256,
        "hidden_dim_1": 64,
        "hidden_dim_2": 64,
        "dropout_rate": 0.4464704583099741,
        "learning_rate": 0.0015930522616241021,
        "batch_size": 64
      },
      "cv_r2_mean": 0.9787318706512451,
      "cv_r2_std": 0.007540676652665091,
      "cv_rmse_mean": 0.30035692317921,
      "cv_rmse_std": 0.04907186559526454,
      "cv_mse_mean": 0.09262232929468155,
      "cv_mse_std": 0.030956908733070512,
      "cv_mae_mean": 0.22471081614494323,
      "cv_mae_std": 0.03422214651855611,
      "best_r2": 0.9870888590812683,
      "best_rmse": 0.24805902466342267,
      "best_mse": 0.061533279716968536,
      "best_mae": 0.1911146640777588,
      "n_features": 3609,
      "selected_descriptors": [
        "MolLogP",
        "MolMR",
        "TPSA",
        "NumHDonors",
        "NumHeteroatoms",
        "NumValenceElectrons",
        "NOCount",
        "RingCount",
        "BalabanJ",
        "kappa_Series[1-3]_ind",
        "FractionCSP3",
        "NumSpiroAtoms",
        "PEOE_VSA_Series[1-14]_ind",
        "SlogP_VSA_Series[1-12]_ind",
        "MQNs",
        "AUTOCORR2D",
        "BCUT2D",
        "RadiusOfGyration",
        "NPR_series[1-2]_ind",
        "RDF",
        "WHIM",
        "GETAWAY"
      ],
      "execution_time": 110.95020627975464,
      "memory_used_mb": 42.06640625,
      "n_layers": 3,
      "hidden_dims": [
        256,
        64,
        64
      ],
      "dropout_rate": 0.4464704583099741,
      "learning_rate": 0.0015930522616241021,
      "batch_size": 64
    }
  ]
}