{
  "optimal_weights": {
    "chemical_space": 0.2745906155445537,
    "physchem": 0.2275891831300238,
    "activity_cliff": 0.18363196669575285,
    "solubility_aware": 0.21509309848757463,
    "uncertainty": 0.09909513614209493
  },
  "ensemble_analysis": {
    "overall_agreement": 0.11787199518261116,
    "pairwise_agreements": {
      "random_time_series": 0.1024390243902439,
      "random_scaffold": 0.1431578947368421,
      "random_chemical_space_coverage": 0.11633663366336634,
      "random_cluster": 0.08788598574821853,
      "random_physchem": 0.11386138613861387,
      "random_activity_cliff": 0.13316582914572864,
      "random_solubility_aware": 0.09767441860465116,
      "time_series_scaffold": 0.17278617710583152,
      "time_series_chemical_space_coverage": 0.1053921568627451,
      "time_series_cluster": 0.10096153846153846,
      "time_series_physchem": 0.10024449877750612,
      "time_series_activity_cliff": 0.1275,
      "time_series_solubility_aware": 0.12114014251781473,
      "scaffold_chemical_space_coverage": 0.08617234468937876,
      "scaffold_cluster": 0.0,
      "scaffold_physchem": 0.13417190775681342,
      "scaffold_activity_cliff": 0.17316017316017315,
      "scaffold_solubility_aware": 0.13279678068410464,
      "chemical_space_coverage_cluster": 0.18087855297157623,
      "chemical_space_coverage_physchem": 0.08716707021791767,
      "chemical_space_coverage_activity_cliff": 0.2064343163538874,
      "chemical_space_coverage_solubility_aware": 0.1187648456057007,
      "cluster_physchem": 0.10411622276029056,
      "cluster_activity_cliff": 0.12285012285012285,
      "cluster_solubility_aware": 0.10904872389791183,
      "physchem_activity_cliff": 0.08980582524271845,
      "physchem_solubility_aware": 0.1163895486935867,
      "activity_cliff_solubility_aware": 0.11611374407582939
    },
    "diversity_score": 0.8821280048173888,
    "method_contributions": {
      "random": 0.2088888888888889,
      "time_series": 0.18666666666666668,
      "scaffold": 0.2222222222222222,
      "chemical_space_coverage": 0.28,
      "cluster": 0.21333333333333335,
      "physchem": 0.48,
      "activity_cliff": 0.5155555555555555,
      "solubility_aware": 0.5777777777777777
    }
  },
  "method_contributions": {
    "physchem": 224,
    "activity_cliff": 225,
    "solubility_aware": 246
  },
  "ks_statistic": 0.3785012919896641,
  "ks_pvalue": 1.4324313019950626e-23,
  "range_overlap": 0.8141122575392343,
  "entropy_ratio": 1.0524737576929917,
  "train_target_mean": -2.7240653038024902,
  "test_target_mean": -4.358595371246338,
  "train_target_std": 1.8563791513442993,
  "test_target_std": 2.458678960800171
}