{
  "coverage_metrics": {
    "fingerprint_coverage": 0.51,
    "property_coverage": 1.0,
    "critical_balance": 0,
    "overall_coverage": 0.755
  },
  "maxmin_params": {
    "alpha": 0.7,
    "start_molecule": 610
  },
  "ks_statistic": 0.05912144702842377,
  "ks_pvalue": 0.532076711031222,
  "range_overlap": 0.8141122575392343,
  "entropy_ratio": 0.926128711735537,
  "train_target_mean": -3.0491063594818115,
  "test_target_mean": -3.0540976524353027,
  "train_target_std": 2.099264144897461,
  "test_target_std": 2.0803792476654053
}