{
  "dataset_info": {
    "name": "FreeSolv",
    "total_samples": 642,
    "is_test_only": true,
    "timestamp": "2025-09-23T18:43:09.470440",
    "version": "10.0",
    "solubility_context": {
      "temperature": 25.0,
      "pH": 7.4,
      "ionic_strength": 0.15,
      "buffer": "phosphate",
      "measurement_method": "shake-flask",
      "equilibration_time": 24
    },
    "validation_results": {
      "is_valid": true,
      "errors": [],
      "warnings": [
        "60 solubility values outside typical range (-10, 2)"
      ],
      "statistics": {
        "target_stats": {
          "min": -25.469999313354492,
          "max": 3.430000066757202,
          "mean": -3.803006172180176,
          "std": 3.844822406768799,
          "outliers": [
            0,
            6,
            19,
            39,
            41,
            44,
            50,
            58,
            66,
            71,
            83,
            84,
            88,
            97,
            121,
            123,
            130,
            137,
            154,
            171,
            191,
            212,
            215,
            247,
            257,
            263,
            267,
            271,
            303,
            323,
            324,
            362,
            395,
            409,
            424,
            428,
            446,
            449,
            476,
            492,
            494,
            499,
            503,
            504,
            507,
            516,
            517,
            535,
            541,
            542,
            545,
            547,
            558,
            574,
            583,
            589,
            591,
            601,
            609,
            621
          ]
        }
      }
    },
    "solubility_statistics": {
      "log_s": {
        "mean": -3.803006172180176,
        "median": -3.5299999713897705,
        "std": 3.844822406768799,
        "min": -25.469999313354492,
        "max": 3.430000066757202,
        "q1": -5.727499961853027,
        "q3": -1.215000033378601,
        "iqr": 4.512499809265137
      },
      "molar": {
        "mean": 30.821319580078125,
        "median": 0.0002951991918962449,
        "geometric_mean": 0.00024837153614498675
      },
      "distribution": {
        "very_poor": 146,
        "poor": 140,
        "moderate": 155,
        "good": 115,
        "excellent": 86
      },
      "pharmaceutical_relevance": {
        "below_1uM": 146,
        "drug_like": 300,
        "highly_soluble": 147
      },
      "bimodality_test": {
        "bimodality_coefficient": 0.358847051858902,
        "is_bimodal": "False",
        "skewness": -1.173264503479004,
        "kurtosis": 3.622736930847168,
        "n_peaks": 3,
        "peak_locations": [
          -24.598642349243164,
          -17.482563018798828,
          -3.6860790252685547
        ]
      }
    },
    "measurement_metadata": {}
  },
  "splits": {
    "test_only": {
      "method": "test_only",
      "references": [
        "Tropsha (2010) Mol Inform 29:476-488"
      ],
      "criteria": {
        "description": "All data assigned to test set"
      },
      "success": true,
      "statistics": {
        "train_size": 0,
        "test_size": 642,
        "purpose": "external_validation"
      },
      "failed_smiles": [],
      "error": null,
      "timestamp": "2025-09-23T18:43:09.471191"
    }
  },
  "summary": [
    {
      "Method": "test_only",
      "Train_Size": 0,
      "Test_Size": 642,
      "Test_Ratio": 1.0,
      "Success": true,
      "Time_s": 0
    }
  ],
  "timing_info": {
    "random": 0.004503965377807617,
    "time_series": 0.0013818740844726562,
    "scaffold": 0.04126119613647461,
    "chemical_space_coverage": 23.486513137817383,
    "cluster": 0.37868809700012207,
    "physchem": 0.42665696144104004,
    "activity_cliff": 53.45606708526611,
    "solubility_aware": 0.21077895164489746,
    "ensemble": 0.6491341590881348
  }
}