{
  "split_point": 1032,
  "temporal_analysis": {
    "train_period": "Molecules 0-1031",
    "test_period": "Molecules 1032-1290",
    "train_mean_target": -2.712306261062622,
    "test_mean_target": -2.9036293029785156,
    "temporal_drift": 0.19132304191589355
  },
  "ks_statistic": 0.07405121067911766,
  "ks_pvalue": 0.19462341586538387,
  "range_overlap": 0.7787878537473598,
  "entropy_ratio": 1.1225014543154928,
  "train_target_mean": -2.712306261062622,
  "test_target_mean": -2.9036293029785156,
  "train_target_std": 2.0318996906280518,
  "test_target_std": 2.0646464824676514
}