{
  "coverage_metrics": {
    "fingerprint_coverage": 0.45,
    "property_coverage": 0.9635416666666667,
    "critical_balance": 0,
    "overall_coverage": 0.7067708333333333
  },
  "maxmin_params": {
    "alpha": 0.7,
    "start_molecule": 677
  },
  "ks_statistic": 0.07780079095282048,
  "ks_pvalue": 0.15563840204670107,
  "range_overlap": 0.890151510943887,
  "entropy_ratio": 0.972044246140846,
  "train_target_mean": -2.7419941425323486,
  "test_target_mean": -2.78550386428833,
  "train_target_std": 2.050208568572998,
  "test_target_std": 1.9979743957519531
}