{
  "n_scaffolds": 302,
  "scaffold_analysis": {
    "n_train_scaffolds": 301,
    "n_test_scaffolds": 1,
    "n_shared_scaffolds": 0,
    "scaffold_overlap_ratio": 0.0
  },
  "ks_statistic": 0.48253286147623864,
  "ks_pvalue": 7.441341436899198e-31,
  "range_overlap": 0.41816803690669013,
  "entropy_ratio": 1.1470211687248462,
  "train_target_mean": -2.5952184200286865,
  "test_target_mean": -1.0286842584609985,
  "train_target_std": 1.600975513458252,
  "test_target_std": 0.9128798246383667
}