{
  "optimal_weights": {
    "chemical_space": 0.2792121352409857,
    "physchem": 0.27730157645417364,
    "activity_cliff": 0.086517595345132,
    "solubility_aware": 0.2755801636110712,
    "uncertainty": 0.0813885293486375
  },
  "ensemble_analysis": {
    "overall_agreement": 0.11410098762325774,
    "pairwise_agreements": {
      "random_time_series": 0.10666666666666667,
      "random_scaffold": 0.1182108626198083,
      "random_chemical_space_coverage": 0.10333333333333333,
      "random_cluster": 0.1393188854489164,
      "random_physchem": 0.1296928327645051,
      "random_activity_cliff": 0.09602649006622517,
      "random_solubility_aware": 0.13398692810457516,
      "time_series_scaffold": 0.026392961876832845,
      "time_series_chemical_space_coverage": 0.11447811447811448,
      "time_series_cluster": 0.1986970684039088,
      "time_series_physchem": 0.10333333333333333,
      "time_series_activity_cliff": 0.12585034013605442,
      "time_series_solubility_aware": 0.1377049180327869,
      "scaffold_chemical_space_coverage": 0.060790273556231005,
      "scaffold_cluster": 0.013123359580052493,
      "scaffold_physchem": 0.12218649517684887,
      "scaffold_activity_cliff": 0.10094637223974763,
      "scaffold_solubility_aware": 0.08630952380952381,
      "chemical_space_coverage_cluster": 0.18387096774193548,
      "chemical_space_coverage_physchem": 0.1,
      "chemical_space_coverage_activity_cliff": 0.2177121771217712,
      "chemical_space_coverage_solubility_aware": 0.0778816199376947,
      "cluster_physchem": 0.11890243902439024,
      "cluster_activity_cliff": 0.12576687116564417,
      "cluster_solubility_aware": 0.1606060606060606,
      "physchem_activity_cliff": 0.09271523178807947,
      "physchem_solubility_aware": 0.10191082802547771,
      "activity_cliff_solubility_aware": 0.09841269841269841
    },
    "diversity_score": 0.8858990123767423,
    "method_contributions": {
      "random": 0.22424242424242424,
      "time_series": 0.20606060606060606,
      "scaffold": 0.16363636363636364,
      "chemical_space_coverage": 0.19393939393939394,
      "cluster": 0.2909090909090909,
      "physchem": 0.5696969696969697,
      "activity_cliff": 0.32727272727272727,
      "solubility_aware": 0.6242424242424243
    }
  },
  "method_contributions": {
    "physchem": 165,
    "activity_cliff": 165,
    "solubility_aware": 181
  },
  "ks_statistic": 0.20447243519532676,
  "ks_pvalue": 2.5162017567795082e-05,
  "range_overlap": 0.9409033206359249,
  "entropy_ratio": 1.0916712338272578,
  "train_target_mean": -2.1021978855133057,
  "test_target_mean": -2.8323299884796143,
  "train_target_std": 1.514217734336853,
  "test_target_std": 1.850407600402832
}