{
  "coverage_metrics": {
    "fingerprint_coverage": 0.32,
    "property_coverage": 1.0,
    "critical_balance": 0,
    "overall_coverage": 0.66
  },
  "maxmin_params": {
    "alpha": 0.7,
    "start_molecule": 25
  },
  "ks_statistic": 0.29288061336254106,
  "ks_pvalue": 1.6362050777693644e-10,
  "range_overlap": 0.9409033206359249,
  "entropy_ratio": 1.132949356229855,
  "train_target_mean": -2.05525803565979,
  "test_target_mean": -3.021226644515991,
  "train_target_std": 1.507202386856079,
  "test_target_std": 1.7857544422149658
}