{
  "split_point": 396,
  "temporal_analysis": {
    "train_period": "Molecules 0-395",
    "test_period": "Molecules 396-495",
    "train_mean_target": -2.876868724822998,
    "test_mean_target": -3.1484999656677246,
    "temporal_drift": 0.27163124084472656
  },
  "ks_statistic": 0.1804040404040404,
  "ks_pvalue": 0.00945207899583075,
  "range_overlap": 0.6343154529769706,
  "entropy_ratio": 1.0579979262250965,
  "train_target_mean": -2.876868724822998,
  "test_target_mean": -3.1484999656677246,
  "train_target_std": 2.208040475845337,
  "test_target_std": 1.5144097805023193
}