{
  "coverage_metrics": {
    "fingerprint_coverage": 0.46464646464646464,
    "property_coverage": 0.9821428571428572,
    "critical_balance": 0,
    "overall_coverage": 0.7233946608946609
  },
  "maxmin_params": {
    "alpha": 0.7,
    "start_molecule": 405
  },
  "ks_statistic": 0.10212960842683765,
  "ks_pvalue": 0.3522388298713788,
  "range_overlap": 0.9757366015961959,
  "entropy_ratio": 0.9900006294996102,
  "train_target_mean": -2.9427456855773926,
  "test_target_mean": -2.887070417404175,
  "train_target_std": 2.1089000701904297,
  "test_target_std": 2.0101335048675537
}