{
  "n_scaffolds": 143,
  "scaffold_analysis": {
    "n_train_scaffolds": 142,
    "n_test_scaffolds": 1,
    "n_shared_scaffolds": 0,
    "scaffold_overlap_ratio": 0.0
  },
  "ks_statistic": 0.2756620428751576,
  "ks_pvalue": 6.289948849823081e-07,
  "range_overlap": 0.7244367735457848,
  "entropy_ratio": 1.0322286409719579,
  "train_target_mean": -3.2336885929107666,
  "test_target_mean": -2.081230640411377,
  "train_target_std": 2.147458076477051,
  "test_target_std": 1.6423866748809814
}