{
  "dataset_info": {
    "name": "curated-solubility-dataset",
    "total_samples": 9982,
    "is_test_only": true,
    "timestamp": "2025-07-05T23:44:04.718260",
    "version": "10.0",
    "solubility_context": {
      "temperature": 25.0,
      "pH": 7.4,
      "ionic_strength": 0.15,
      "buffer": "phosphate",
      "measurement_method": "shake-flask",
      "equilibration_time": 24
    },
    "validation_results": {
      "is_valid": true,
      "errors": [],
      "warnings": [
        "22 solubility values outside typical range (-10, 2)"
      ],
      "statistics": {
        "target_stats": {
          "min": -13.171899795532227,
          "max": 2.137681722640991,
          "mean": -2.889908790588379,
          "std": 2.3680357933044434,
          "outliers": [
            1362,
            1777,
            3385,
            3654,
            3655,
            5528,
            5904,
            5928,
            6013,
            6015,
            6166,
            7058,
            7061,
            7795,
            7796,
            7797,
            8373,
            8382,
            9740,
            9875,
            9886,
            9923
          ]
        }
      }
    },
    "solubility_statistics": {
      "log_s": {
        "mean": -2.889908790588379,
        "median": -2.618173360824585,
        "std": 2.3680357933044434,
        "min": -13.171899795532227,
        "max": 2.137681722640991,
        "q1": -4.326324939727783,
        "q3": -1.2097346782684326,
        "iqr": 3.1165902614593506
      },
      "molar": {
        "mean": 0.7208370566368103,
        "median": 0.0024089438375085592,
        "geometric_mean": 0.0012982066255062819
      },
      "distribution": {
        "very_poor": 1138,
        "poor": 1732,
        "moderate": 3209,
        "good": 2845,
        "excellent": 1058
      },
      "bimodality_test": {
        "bimodality_coefficient": 0.4436298608779907,
        "is_bimodal": "False",
        "n_peaks": 4,
        "peak_locations": [
          -13.018034934997559,
          -11.556315422058105,
          -6.940361499786377,
          -2.3244075775146484
        ]
      }
    }
  },
  "splits": {
    "test_only": {
      "method": "test_only",
      "references": [
        "Tropsha (2010) Mol Inform 29:476-488"
      ],
      "criteria": {
        "description": "All data assigned to test set"
      },
      "success": true,
      "failed_smiles": [],
      "statistics": {
        "train_size": 0,
        "test_size": 9982
      }
    }
  },
  "summary": [
    {
      "Method": "test_only",
      "Train_Size": 0,
      "Test_Size": 9982,
      "Test_Ratio": 1.0,
      "Success": true
    }
  ]
}