{
  "optimal_weights": {
    "chemical_space": 0.2982530212316338,
    "physchem": 0.3511829253892089,
    "activity_cliff": 0.10212700914894722,
    "solubility_aware": 0.10345518511502526,
    "uncertainty": 0.14498185911518482
  },
  "ensemble_analysis": {
    "overall_agreement": 0.11800913873753971,
    "pairwise_agreements": {
      "random_time_series": 0.1024390243902439,
      "random_scaffold": 0.1431578947368421,
      "random_chemical_space_coverage": 0.1275,
      "random_cluster": 0.08788598574821853,
      "random_physchem": 0.1111111111111111,
      "random_activity_cliff": 0.13316582914572864,
      "random_solubility_aware": 0.09767441860465116,
      "time_series_scaffold": 0.17278617710583152,
      "time_series_chemical_space_coverage": 0.10810810810810811,
      "time_series_cluster": 0.10096153846153846,
      "time_series_physchem": 0.0975609756097561,
      "time_series_activity_cliff": 0.1275,
      "time_series_solubility_aware": 0.12114014251781473,
      "scaffold_chemical_space_coverage": 0.09274193548387097,
      "scaffold_cluster": 0.0,
      "scaffold_physchem": 0.14861995753715498,
      "scaffold_activity_cliff": 0.17316017316017315,
      "scaffold_solubility_aware": 0.13279678068410464,
      "chemical_space_coverage_cluster": 0.19010416666666666,
      "chemical_space_coverage_physchem": 0.08716707021791767,
      "chemical_space_coverage_activity_cliff": 0.2,
      "chemical_space_coverage_solubility_aware": 0.10823529411764705,
      "cluster_physchem": 0.10144927536231885,
      "cluster_activity_cliff": 0.12285012285012285,
      "cluster_solubility_aware": 0.10904872389791183,
      "physchem_activity_cliff": 0.10049019607843138,
      "physchem_solubility_aware": 0.09048723897911833,
      "activity_cliff_solubility_aware": 0.11611374407582939
    },
    "diversity_score": 0.8819908612624603,
    "method_contributions": {
      "random": 0.21333333333333335,
      "time_series": 0.19555555555555557,
      "scaffold": 0.29777777777777775,
      "chemical_space_coverage": 0.17333333333333334,
      "cluster": 0.2,
      "physchem": 0.9377777777777778,
      "activity_cliff": 0.24444444444444444,
      "solubility_aware": 0.23555555555555555
    }
  }
}