{
  "coverage_metrics": {
    "fingerprint_coverage": 0.42,
    "property_coverage": 0.8811930139903279,
    "overall_coverage": 0.6505965069951639
  }
}