{
  "coverage_metrics": {
    "fingerprint_coverage": 0.36,
    "property_coverage": 0.9270833333333333,
    "overall_coverage": 0.6435416666666667
  }
}