{
  "difficulty_scores": "[0.13384715 0.00098458 0.19286064 ... 0.38744544 0.59013807 0.40989375]",
  "challenge_analysis": {
    "difficulty_stats": {
      "train_mean": 0.2444529291548332,
      "train_std": 0.18373850173642084,
      "test_mean": 0.3137449729787011,
      "test_std": 0.18933525757718864,
      "ks_statistic": 0.23189169812116484
    },
    "measurement_uncertainty": {
      "train_mean": 0.10257943954410309,
      "test_mean": 0.13438474574468087,
      "train_high_risk": 0,
      "test_high_risk": 0
    },
    "polymorphism_risk": {
      "train_mean": 0.4988549549583383,
      "test_mean": 0.558463205002682,
      "train_high_risk": 285,
      "test_high_risk": 108
    },
    "aggregation_tendency": {
      "train_mean": 0.22003297571853328,
      "test_mean": 0.23398046631205693,
      "train_high_risk": 53,
      "test_high_risk": 22
    },
    "ph_sensitivity": {
      "train_mean": 0.1298315163528246,
      "test_mean": 0.19976359338061464,
      "train_high_risk": 14,
      "test_high_risk": 11
    },
    "temperature_sensitivity": {
      "train_mean": 0.11110261689122038,
      "test_mean": 0.10951531451412735,
      "train_high_risk": 0,
      "test_high_risk": 0
    }
  }
}