{
  "optimal_weights": {
    "chemical_space": 0.18168463201957022,
    "physchem": 0.4176477069929318,
    "activity_cliff": 0.11584746889731502,
    "solubility_aware": 0.14533344433453096,
    "uncertainty": 0.13948674775565192
  },
  "ensemble_analysis": {
    "overall_agreement": 0.12517340555080161,
    "pairwise_agreements": {
      "random_time_series": 0.11637931034482758,
      "random_scaffold": 0.13904761904761906,
      "random_chemical_space_coverage": 0.1023454157782516,
      "random_cluster": 0.1446862996158771,
      "random_physchem": 0.12173913043478261,
      "random_activity_cliff": 0.11422413793103449,
      "random_solubility_aware": 0.10633946830265849,
      "time_series_scaffold": 0.10740740740740741,
      "time_series_chemical_space_coverage": 0.1047008547008547,
      "time_series_cluster": 0.17169069462647443,
      "time_series_physchem": 0.11447084233261338,
      "time_series_activity_cliff": 0.10706638115631692,
      "time_series_solubility_aware": 0.12008281573498965,
      "scaffold_chemical_space_coverage": 0.08545454545454545,
      "scaffold_cluster": 0.008281573498964804,
      "scaffold_physchem": 0.10575139146567718,
      "scaffold_activity_cliff": 0.166015625,
      "scaffold_solubility_aware": 0.125,
      "chemical_space_coverage_cluster": 0.1582360570687419,
      "chemical_space_coverage_physchem": 0.10991379310344827,
      "chemical_space_coverage_activity_cliff": 0.205607476635514,
      "chemical_space_coverage_solubility_aware": 0.1134020618556701,
      "cluster_physchem": 0.1736842105263158,
      "cluster_activity_cliff": 0.10656753407682776,
      "cluster_solubility_aware": 0.20341207349081364,
      "physchem_activity_cliff": 0.1368653421633554,
      "physchem_solubility_aware": 0.10677618069815195,
      "activity_cliff_solubility_aware": 0.1297071129707113
    },
    "diversity_score": 0.8748265944491984,
    "method_contributions": {
      "random": 0.22093023255813954,
      "time_series": 0.2054263565891473,
      "scaffold": 0.20930232558139536,
      "chemical_space_coverage": 0.20155038759689922,
      "cluster": 0.5232558139534884,
      "physchem": 0.9612403100775194,
      "activity_cliff": 0.27906976744186046,
      "solubility_aware": 0.24031007751937986
    }
  }
}