{
  "coverage_metrics": {
    "fingerprint_coverage": 0.4444444444444444,
    "property_coverage": 0.9415511346029242,
    "overall_coverage": 0.6929977895236843
  }
}