{
  "optimal_weights": {
    "chemical_space": 0.3326720427968853,
    "physchem": 0.3381602097016674,
    "activity_cliff": 0.11169778278746928,
    "solubility_aware": 0.11372215245397423,
    "uncertainty": 0.10374781226000392
  },
  "ensemble_analysis": {
    "overall_agreement": 0.12876195290217243,
    "pairwise_agreements": {
      "random_time_series": 0.12994350282485875,
      "random_scaffold": 0.12745098039215685,
      "random_chemical_space_coverage": 0.13714285714285715,
      "random_cluster": 0.11731843575418995,
      "random_physchem": 0.10614525139664804,
      "random_activity_cliff": 0.12429378531073447,
      "random_solubility_aware": 0.08900523560209424,
      "time_series_scaffold": 0.0502283105022831,
      "time_series_chemical_space_coverage": 0.1569767441860465,
      "time_series_cluster": 0.10497237569060773,
      "time_series_physchem": 0.10614525139664804,
      "time_series_activity_cliff": 0.09944751381215469,
      "time_series_solubility_aware": 0.11827956989247312,
      "scaffold_chemical_space_coverage": 0.09569377990430622,
      "scaffold_cluster": 0.34502923976608185,
      "scaffold_physchem": 0.14,
      "scaffold_activity_cliff": 0.21164021164021163,
      "scaffold_solubility_aware": 0.13333333333333333,
      "chemical_space_coverage_cluster": 0.16374269005847952,
      "chemical_space_coverage_physchem": 0.13218390804597702,
      "chemical_space_coverage_activity_cliff": 0.1511627906976744,
      "chemical_space_coverage_solubility_aware": 0.08376963350785341,
      "cluster_physchem": 0.125,
      "cluster_activity_cliff": 0.1569767441860465,
      "cluster_solubility_aware": 0.08900523560209424,
      "physchem_activity_cliff": 0.11299435028248588,
      "physchem_solubility_aware": 0.07853403141361257,
      "activity_cliff_solubility_aware": 0.11891891891891893
    },
    "diversity_score": 0.8712380470978276,
    "method_contributions": {
      "random": 0.1919191919191919,
      "time_series": 0.20202020202020202,
      "scaffold": 0.2727272727272727,
      "chemical_space_coverage": 0.2222222222222222,
      "cluster": 0.20202020202020202,
      "physchem": 0.9494949494949495,
      "activity_cliff": 0.25252525252525254,
      "solubility_aware": 0.20202020202020202
    }
  }
}