{
  "start_time": 1754310994.5977845,
  "end_time": 1754310996.602315,
  "total_duration": 2.004530429840088,
  "peak_memory_mb": 550.8046875,
  "peak_cpu_percent": 17.2,
  "dataset_times": {
    "WS": 0.5859968662261963,
    "DE": 0.31872129440307617,
    "LO": 0.19623899459838867,
    "HU": 0.1996781826019287
  },
  "dataset_memory": {
    "WS": {
      "initial_mb": 521.078125,
      "final_mb": 548.5234375,
      "peak_mb": 548.5234375
    },
    "DE": {
      "initial_mb": 549.1171875,
      "final_mb": 550.10546875,
      "peak_mb": 550.10546875
    },
    "LO": {
      "initial_mb": 550.125,
      "final_mb": 550.44921875,
      "peak_mb": 550.44921875
    },
    "HU": {
      "initial_mb": 550.44921875,
      "final_mb": 550.8046875,
      "peak_mb": 550.8046875
    }
  },
  "dataset_cpu": {
    "WS": {
      "initial_percent": 0.0,
      "final_percent": 17.2,
      "peak_percent": 17.2
    },
    "DE": {
      "initial_percent": 14.4,
      "final_percent": 11.9,
      "peak_percent": 14.4
    },
    "LO": {
      "initial_percent": 11.9,
      "final_percent": 11.6,
      "peak_percent": 11.9
    },
    "HU": {
      "initial_percent": 12.8,
      "final_percent": 13.9,
      "peak_percent": 13.9
    }
  }
}