{
  "dataset_info": {
    "name": "curated-solubility-dataset",
    "total_samples": 9982,
    "is_test_only": true,
    "timestamp": "2025-08-04T11:31:36.783416",
    "version": "10.0",
    "solubility_context": {
      "temperature": 25.0,
      "pH": 7.4,
      "ionic_strength": 0.15,
      "buffer": "phosphate",
      "measurement_method": "shake-flask",
      "equilibration_time": 24
    },
    "validation_results": {
      "is_valid": true,
      "errors": [],
      "warnings": [
        "2 invalid SMILES found",
        "22 solubility values outside typical range (-10, 2)"
      ],
      "statistics": {
        "invalid_smiles": [
          [
            4792,
            "CC1=CC=C[NH++]([O-])[CH-]1"
          ],
          [
            5043,
            "OC(=O)C1=C[NH++]([O-])[CH-]C=C1"
          ]
        ],
        "target_stats": {
          "min": -13.171899795532227,
          "max": 2.137681722640991,
          "mean": -2.889908790588379,
          "std": 2.3680357933044434,
          "outliers": [
            1362,
            1777,
            3385,
            3654,
            3655,
            5528,
            5904,
            5928,
            6013,
            6015,
            6166,
            7058,
            7061,
            7795,
            7796,
            7797,
            8373,
            8382,
            9740,
            9875,
            9886,
            9923
          ]
        }
      }
    },
    "solubility_statistics": {
      "log_s": {
        "mean": -2.889908790588379,
        "median": -2.618173360824585,
        "std": 2.3680357933044434,
        "min": -13.171899795532227,
        "max": 2.137681722640991,
        "q1": -4.326324939727783,
        "q3": -1.2097346782684326,
        "iqr": 3.1165902614593506
      },
      "molar": {
        "mean": 0.7208370566368103,
        "median": 0.0024089438375085592,
        "geometric_mean": 0.0012982066255062819
      },
      "distribution": {
        "very_poor": 1138,
        "poor": 1732,
        "moderate": 3209,
        "good": 2845,
        "excellent": 1058
      },
      "pharmaceutical_relevance": {
        "below_1uM": 1138,
        "drug_like": 5966,
        "highly_soluble": 2198
      },
      "bimodality_test": {
        "bimodality_coefficient": 0.4436298608779907,
        "is_bimodal": "False",
        "skewness": -0.5516086220741272,
        "kurtosis": -0.05999946594238281,
        "n_peaks": 4,
        "peak_locations": [
          -13.018034934997559,
          -11.556315422058105,
          -6.940361499786377,
          -2.3244075775146484
        ]
      }
    },
    "measurement_metadata": {}
  },
  "splits": {
    "test_only": {
      "method": "test_only",
      "references": [
        "Tropsha (2010) Mol Inform 29:476-488"
      ],
      "criteria": {
        "description": "All data assigned to test set"
      },
      "success": true,
      "statistics": {
        "train_size": 0,
        "test_size": 9982,
        "purpose": "external_validation"
      },
      "failed_smiles": [],
      "error": null,
      "timestamp": "2025-08-04T11:31:36.866143"
    }
  },
  "summary": [
    {
      "Method": "test_only",
      "Train_Size": 0,
      "Test_Size": 9982,
      "Test_Ratio": 1.0,
      "Success": true,
      "Time_s": 0
    }
  ],
  "timing_info": {
    "random": 0.0189359188079834,
    "time_series": 0.010205507278442383,
    "scaffold": 0.2613871097564697,
    "chemical_space_coverage": 291.46297788619995,
    "cluster": 3.4953203201293945,
    "physchem": 3.4169230461120605,
    "activity_cliff": 448.42321133613586,
    "solubility_aware": 1.4875054359436035,
    "ensemble": 6.062988996505737
  }
}