{
  "optimal_weights": {
    "chemical_space": 0.12469394020799121,
    "physchem": 0.45148791293277285,
    "activity_cliff": 0.12236174277816876,
    "solubility_aware": 0.17262461868229517,
    "uncertainty": 0.12883178539877188
  },
  "ensemble_analysis": {
    "overall_agreement": 0.1250563876755271,
    "pairwise_agreements": {
      "random_time_series": 0.11637931034482758,
      "random_scaffold": 0.13904761904761906,
      "random_chemical_space_coverage": 0.11663066954643629,
      "random_cluster": 0.1446862996158771,
      "random_physchem": 0.12173913043478261,
      "random_activity_cliff": 0.11422413793103449,
      "random_solubility_aware": 0.10633946830265849,
      "time_series_scaffold": 0.10740740740740741,
      "time_series_chemical_space_coverage": 0.1023454157782516,
      "time_series_cluster": 0.17169069462647443,
      "time_series_physchem": 0.11447084233261338,
      "time_series_activity_cliff": 0.10706638115631692,
      "time_series_solubility_aware": 0.12008281573498965,
      "scaffold_chemical_space_coverage": 0.08743169398907104,
      "scaffold_cluster": 0.008281573498964804,
      "scaffold_physchem": 0.10575139146567718,
      "scaffold_activity_cliff": 0.166015625,
      "scaffold_solubility_aware": 0.125,
      "chemical_space_coverage_cluster": 0.16427640156453716,
      "chemical_space_coverage_physchem": 0.11471861471861472,
      "chemical_space_coverage_activity_cliff": 0.1889400921658986,
      "chemical_space_coverage_solubility_aware": 0.10204081632653061,
      "cluster_physchem": 0.1736842105263158,
      "cluster_activity_cliff": 0.10656753407682776,
      "cluster_solubility_aware": 0.20341207349081364,
      "physchem_activity_cliff": 0.1368653421633554,
      "physchem_solubility_aware": 0.10677618069815195,
      "activity_cliff_solubility_aware": 0.1297071129707113
    },
    "diversity_score": 0.8749436123244729,
    "method_contributions": {
      "random": 0.21705426356589147,
      "time_series": 0.2054263565891473,
      "scaffold": 0.21705426356589147,
      "chemical_space_coverage": 0.2054263565891473,
      "cluster": 0.5232558139534884,
      "physchem": 0.9806201550387597,
      "activity_cliff": 0.2596899224806202,
      "solubility_aware": 0.22093023255813954
    }
  },
  "method_contributions": {
    "physchem": 257,
    "activity_cliff": 258,
    "solubility_aware": 282
  },
  "ks_statistic": 0.02050548939267731,
  "ks_pvalue": 0.9999826255253034,
  "range_overlap": 0.890151510943887,
  "entropy_ratio": 0.9892317702707949,
  "train_target_mean": -2.7343368530273438,
  "test_target_mean": -2.816162586212158,
  "train_target_std": 2.019470453262329,
  "test_target_std": 2.118706464767456
}