{
  "optimal_weights": {
    "chemical_space": 0.11380940908927849,
    "physchem": 0.20010560432747815,
    "activity_cliff": 0.11888034099837767,
    "solubility_aware": 0.43353985283353946,
    "uncertainty": 0.13366479275132626
  },
  "ensemble_analysis": {
    "overall_agreement": 0.1143423848519569,
    "pairwise_agreements": {
      "random_time_series": 0.10666666666666667,
      "random_scaffold": 0.1182108626198083,
      "random_chemical_space_coverage": 0.10333333333333333,
      "random_cluster": 0.1393188854489164,
      "random_physchem": 0.12203389830508475,
      "random_activity_cliff": 0.09602649006622517,
      "random_solubility_aware": 0.13398692810457516,
      "time_series_scaffold": 0.026392961876832845,
      "time_series_chemical_space_coverage": 0.11447811447811448,
      "time_series_cluster": 0.1986970684039088,
      "time_series_physchem": 0.11073825503355705,
      "time_series_activity_cliff": 0.12585034013605442,
      "time_series_solubility_aware": 0.1377049180327869,
      "scaffold_chemical_space_coverage": 0.060790273556231005,
      "scaffold_cluster": 0.013123359580052493,
      "scaffold_physchem": 0.1331168831168831,
      "scaffold_activity_cliff": 0.10094637223974763,
      "scaffold_solubility_aware": 0.08630952380952381,
      "chemical_space_coverage_cluster": 0.18387096774193548,
      "chemical_space_coverage_physchem": 0.09634551495016612,
      "chemical_space_coverage_activity_cliff": 0.2177121771217712,
      "chemical_space_coverage_solubility_aware": 0.0778816199376947,
      "cluster_physchem": 0.12232415902140673,
      "cluster_activity_cliff": 0.12576687116564417,
      "cluster_solubility_aware": 0.1606060606060606,
      "physchem_activity_cliff": 0.08196721311475409,
      "physchem_solubility_aware": 0.10897435897435898,
      "activity_cliff_solubility_aware": 0.09841269841269841
    },
    "diversity_score": 0.8856576151480431,
    "method_contributions": {
      "random": 0.21818181818181817,
      "time_series": 0.23636363636363636,
      "scaffold": 0.15151515151515152,
      "chemical_space_coverage": 0.15757575757575756,
      "cluster": 0.296969696969697,
      "physchem": 0.23030303030303031,
      "activity_cliff": 0.21212121212121213,
      "solubility_aware": 0.9757575757575757
    }
  },
  "method_contributions": {
    "physchem": 165,
    "activity_cliff": 165,
    "solubility_aware": 181
  },
  "ks_statistic": 0.1453997809419496,
  "ks_pvalue": 0.006594522759764356,
  "range_overlap": 0.9279838132858285,
  "entropy_ratio": 1.0398892503145127,
  "train_target_mean": -2.157198190689087,
  "test_target_mean": -2.610994815826416,
  "train_target_std": 1.5609432458877563,
  "test_target_std": 1.7628999948501587
}