{
  "best_value": 0.9714700222015381,
  "best_params": {
    "n_layers": 3,
    "hidden_dim_0": 256,
    "hidden_dim_1": 64,
    "hidden_dim_2": 64,
    "dropout_rate": 0.4464704583099741,
    "learning_rate": 0.0015930522616241021,
    "batch_size": 64
  },
  "n_trials": 1,
  "optimization_history": [
    0.9714700222015381
  ],
  "trial_details": [
    {
      "trial_number": 0,
      "value": 0.9714700222015381,
      "params": {
        "n_layers": 3,
        "hidden_dim_0": 256,
        "hidden_dim_1": 64,
        "hidden_dim_2": 64,
        "dropout_rate": 0.4464704583099741,
        "learning_rate": 0.0015930522616241021,
        "batch_size": 64
      },
      "cv_r2_mean": 0.9714700222015381,
      "cv_r2_std": 0.00646745225924315,
      "cv_rmse_mean": 0.3547759385064052,
      "cv_rmse_std": 0.043988976556416565,
      "cv_mse_mean": 0.12780099660158156,
      "cv_mse_std": 0.030216271104995793,
      "cv_mae_mean": 0.2187500536441803,
      "cv_mae_std": 0.036256214285893894,
      "best_r2": 0.9817618727684021,
      "best_rmse": 0.2794760816026808,
      "best_mse": 0.07810688018798828,
      "best_mae": 0.1648595780134201,
      "test_r2": 0.9644414782524109,
      "test_rmse": 0.39855284049879114,
      "test_mse": 0.15884436666965485,
      "test_mae": 0.25973111391067505,
      "n_layers": 3,
      "hidden_dims": [
        256,
        64,
        64
      ],
      "dropout_rate": 0.4464704583099741,
      "learning_rate": 0.0015930522616241021,
      "batch_size": 64,
      "execution_time": 204.46720266342163,
      "memory_used_mb": 9.875
    }
  ]
}