{
  "best_value": 0.9806780815124512,
  "best_params": {
    "n_layers": 3,
    "hidden_dim_0": 256,
    "hidden_dim_1": 64,
    "hidden_dim_2": 64,
    "dropout_rate": 0.4464704583099741,
    "learning_rate": 0.0015930522616241021,
    "batch_size": 64
  },
  "n_trials": 1,
  "optimization_history": [
    0.9806780815124512
  ],
  "trial_details": [
    {
      "trial_number": 0,
      "value": 0.9806780815124512,
      "params": {
        "n_layers": 3,
        "hidden_dim_0": 256,
        "hidden_dim_1": 64,
        "hidden_dim_2": 64,
        "dropout_rate": 0.4464704583099741,
        "learning_rate": 0.0015930522616241021,
        "batch_size": 64
      },
      "cv_r2_mean": 0.9806780815124512,
      "cv_r2_std": 0.003386298089728304,
      "cv_rmse_mean": 0.282496969657594,
      "cv_rmse_std": 0.02465953915028102,
      "cv_mse_mean": 0.08041263073682785,
      "cv_mse_std": 0.01395272842664505,
      "cv_mae_mean": 0.17289381027221679,
      "cv_mae_std": 0.01857869327668274,
      "best_r2": 0.9849141836166382,
      "best_rmse": 0.25048358161785866,
      "best_mse": 0.06274202466011047,
      "best_mae": 0.1726515144109726,
      "test_r2": 0.9759908318519592,
      "test_rmse": 0.31616282812795354,
      "test_mse": 0.09995893388986588,
      "test_mae": 0.20641778409481049,
      "n_layers": 3,
      "hidden_dims": [
        256,
        64,
        64
      ],
      "dropout_rate": 0.4464704583099741,
      "learning_rate": 0.0015930522616241021,
      "batch_size": 64,
      "execution_time": 443.1369254589081,
      "memory_used_mb": -3.640625
    }
  ]
}