{
  "best_value": 0.9616610765457153,
  "best_params": {
    "n_layers": 3,
    "hidden_dim_0": 256,
    "hidden_dim_1": 64,
    "hidden_dim_2": 64,
    "dropout_rate": 0.4464704583099741,
    "learning_rate": 0.0015930522616241021,
    "batch_size": 64
  },
  "n_trials": 1,
  "optimization_history": [
    0.9616610765457153
  ],
  "trial_details": [
    {
      "trial_number": 0,
      "value": 0.9616610765457153,
      "params": {
        "n_layers": 3,
        "hidden_dim_0": 256,
        "hidden_dim_1": 64,
        "hidden_dim_2": 64,
        "dropout_rate": 0.4464704583099741,
        "learning_rate": 0.0015930522616241021,
        "batch_size": 64
      },
      "cv_r2_mean": 0.9616610765457153,
      "cv_r2_std": 0.005217028600674029,
      "cv_rmse_mean": 0.4092837774749647,
      "cv_rmse_std": 0.02784892805993001,
      "cv_mse_mean": 0.16828877329826356,
      "cv_mse_std": 0.02387347826517156,
      "cv_mae_mean": 0.2669790208339691,
      "cv_mae_std": 0.01979277307975109,
      "best_r2": 0.9672417640686035,
      "best_rmse": 0.38651590132727537,
      "best_mse": 0.14939454197883606,
      "best_mae": 0.2726001441478729,
      "test_r2": 0.9628658294677734,
      "test_rmse": 0.40388478825289165,
      "test_mse": 0.16312292218208313,
      "test_mae": 0.2540477514266968,
      "n_layers": 3,
      "hidden_dims": [
        256,
        64,
        64
      ],
      "dropout_rate": 0.4464704583099741,
      "learning_rate": 0.0015930522616241021,
      "batch_size": 64,
      "execution_time": 266.41178345680237,
      "memory_used_mb": 17.25390625
    }
  ]
}