{
  "best_value": 0.9738102078437805,
  "best_params": {
    "n_layers": 3,
    "hidden_dim_0": 256,
    "hidden_dim_1": 64,
    "hidden_dim_2": 64,
    "dropout_rate": 0.4464704583099741,
    "learning_rate": 0.0015930522616241021,
    "batch_size": 64
  },
  "n_trials": 1,
  "optimization_history": [
    0.9738102078437805
  ],
  "trial_details": [
    {
      "trial_number": 0,
      "value": 0.9738102078437805,
      "params": {
        "n_layers": 3,
        "hidden_dim_0": 256,
        "hidden_dim_1": 64,
        "hidden_dim_2": 64,
        "dropout_rate": 0.4464704583099741,
        "learning_rate": 0.0015930522616241021,
        "batch_size": 64
      },
      "cv_r2_mean": 0.9738102078437805,
      "cv_r2_std": 0.009217931963854228,
      "cv_rmse_mean": 0.3363285262284557,
      "cv_rmse_std": 0.05817726227020202,
      "cv_mse_mean": 0.11650147140026093,
      "cv_mse_std": 0.04048886363807343,
      "cv_mae_mean": 0.25512448251247405,
      "cv_mae_std": 0.03671577981670921,
      "best_r2": 0.9849223494529724,
      "best_rmse": 0.2642401047191909,
      "best_mse": 0.06982283294200897,
      "best_mae": 0.20574693381786346,
      "n_features": 3609,
      "selected_descriptors": [
        "MolLogP",
        "MolMR",
        "TPSA",
        "NumHDonors",
        "NumHeteroatoms",
        "NumValenceElectrons",
        "NOCount",
        "RingCount",
        "BalabanJ",
        "kappa_Series[1-3]_ind",
        "FractionCSP3",
        "NumSpiroAtoms",
        "PEOE_VSA_Series[1-14]_ind",
        "SlogP_VSA_Series[1-12]_ind",
        "MQNs",
        "AUTOCORR2D",
        "BCUT2D",
        "RadiusOfGyration",
        "NPR_series[1-2]_ind",
        "RDF",
        "WHIM",
        "GETAWAY"
      ],
      "execution_time": 667.9706740379333,
      "memory_used_mb": 86.21484375,
      "n_layers": 3,
      "hidden_dims": [
        256,
        64,
        64
      ],
      "dropout_rate": 0.4464704583099741,
      "learning_rate": 0.0015930522616241021,
      "batch_size": 64,
      "test_r2": 0.9741733074188232,
      "test_rmse": 0.339663315151577,
      "test_mse": 0.11537116765975952,
      "test_mae": 0.2732703983783722
    }
  ]
}