{
  "best_value": 0.950530207157135,
  "best_params": {
    "n_layers": 3,
    "hidden_dim_0": 256,
    "hidden_dim_1": 64,
    "hidden_dim_2": 64,
    "dropout_rate": 0.4464704583099741,
    "learning_rate": 0.0015930522616241021,
    "batch_size": 64
  },
  "n_trials": 1,
  "optimization_history": [
    0.950530207157135
  ],
  "trial_details": [
    {
      "trial_number": 0,
      "value": 0.950530207157135,
      "params": {
        "n_layers": 3,
        "hidden_dim_0": 256,
        "hidden_dim_1": 64,
        "hidden_dim_2": 64,
        "dropout_rate": 0.4464704583099741,
        "learning_rate": 0.0015930522616241021,
        "batch_size": 64
      },
      "cv_r2_mean": 0.950530207157135,
      "cv_r2_std": 0.029679774093848733,
      "cv_rmse_mean": 0.34614733231320305,
      "cv_rmse_std": 0.10001013050109855,
      "cv_mse_mean": 0.12982000187039375,
      "cv_mse_std": 0.07676178188188078,
      "cv_mae_mean": 0.26446845233440397,
      "cv_mae_std": 0.07906701630516007,
      "best_r2": 0.9822366833686829,
      "best_rmse": 0.22055667474360915,
      "best_mse": 0.048645246773958206,
      "best_mae": 0.16468222439289093,
      "n_features": 3609,
      "selected_descriptors": [
        "MolLogP",
        "MolMR",
        "TPSA",
        "NumHDonors",
        "NumHeteroatoms",
        "NumValenceElectrons",
        "NOCount",
        "RingCount",
        "BalabanJ",
        "kappa_Series[1-3]_ind",
        "FractionCSP3",
        "NumSpiroAtoms",
        "PEOE_VSA_Series[1-14]_ind",
        "SlogP_VSA_Series[1-12]_ind",
        "MQNs",
        "AUTOCORR2D",
        "BCUT2D",
        "RadiusOfGyration",
        "NPR_series[1-2]_ind",
        "RDF",
        "WHIM",
        "GETAWAY"
      ],
      "execution_time": 201.62090468406677,
      "memory_used_mb": 70.65625,
      "n_layers": 3,
      "hidden_dims": [
        256,
        64,
        64
      ],
      "dropout_rate": 0.4464704583099741,
      "learning_rate": 0.0015930522616241021,
      "batch_size": 64,
      "test_r2": 0.9560689330101013,
      "test_rmse": 0.341015571253402,
      "test_mse": 0.11629161983728409,
      "test_mae": 0.2847234606742859
    }
  ]
}