{
  "best_value": 0.9706236124038696,
  "best_params": {
    "n_layers": 3,
    "hidden_dim_0": 256,
    "hidden_dim_1": 64,
    "hidden_dim_2": 64,
    "dropout_rate": 0.4464704583099741,
    "learning_rate": 0.0015930522616241021,
    "batch_size": 64
  },
  "n_trials": 1,
  "optimization_history": [
    0.9706236124038696
  ],
  "trial_details": [
    {
      "trial_number": 0,
      "value": 0.9706236124038696,
      "params": {
        "n_layers": 3,
        "hidden_dim_0": 256,
        "hidden_dim_1": 64,
        "hidden_dim_2": 64,
        "dropout_rate": 0.4464704583099741,
        "learning_rate": 0.0015930522616241021,
        "batch_size": 64
      },
      "cv_r2_mean": 0.9706236124038696,
      "cv_r2_std": 0.006895528796986279,
      "cv_rmse_mean": 0.3559330020555279,
      "cv_rmse_std": 0.0352482067572764,
      "cv_mse_mean": 0.12793073803186417,
      "cv_mse_std": 0.02515396209597191,
      "cv_mae_mean": 0.2630831480026245,
      "cv_mae_std": 0.03212463184564086,
      "best_r2": 0.9807223081588745,
      "best_rmse": 0.30311022162052503,
      "best_mse": 0.09187580645084381,
      "best_mae": 0.22960728406906128,
      "n_features": 3609,
      "selected_descriptors": [
        "MolLogP",
        "MolMR",
        "TPSA",
        "NumHDonors",
        "NumHeteroatoms",
        "NumValenceElectrons",
        "NOCount",
        "RingCount",
        "BalabanJ",
        "kappa_Series[1-3]_ind",
        "FractionCSP3",
        "NumSpiroAtoms",
        "PEOE_VSA_Series[1-14]_ind",
        "SlogP_VSA_Series[1-12]_ind",
        "MQNs",
        "AUTOCORR2D",
        "BCUT2D",
        "RadiusOfGyration",
        "NPR_series[1-2]_ind",
        "RDF",
        "WHIM",
        "GETAWAY"
      ],
      "execution_time": 378.36217284202576,
      "memory_used_mb": 46.11328125,
      "n_layers": 3,
      "hidden_dims": [
        256,
        64,
        64
      ],
      "dropout_rate": 0.4464704583099741,
      "learning_rate": 0.0015930522616241021,
      "batch_size": 64,
      "test_r2": 0.9856008291244507,
      "test_rmse": 0.2517061871614625,
      "test_mse": 0.06335600465536118,
      "test_mae": 0.19462917745113373
    }
  ]
}