{
  "stratified": true,
  "solubility_distribution": {
    "train": {
      "very_poor": 37,
      "poor": 68,
      "moderate": 147,
      "good": 120,
      "excellent": 24
    },
    "test": {
      "very_poor": 9,
      "poor": 18,
      "moderate": 37,
      "good": 30,
      "excellent": 6
    }
  },
  "ks_statistic": 0.04767676767676768,
  "ks_pvalue": 0.9885655828228325,
  "range_overlap": 0.8310225238931214,
  "entropy_ratio": 1.0874551504395833,
  "train_target_mean": -2.9439644813537598,
  "test_target_mean": -2.882800340652466,
  "train_target_std": 2.095899820327759,
  "test_target_std": 2.0641326904296875
}